Step,andrea-z2z-phi35-4B-zeroinit-1BData-v0.6.4-Zip2zipCore - acc,xinxian-z2z-phi35-4B-nores-1BData-vx0.6.4.2-Zip2zipCore - acc
10,0.3021190166473388,0.0875699445605278
20,0.2939930260181427,0.08409134298563
30,0.333949327468872,0.0674358084797859
40,0.3064306080341339,0.0336857065558433
50,0.2923304736614227,0.0151397278532385
60,0.2865645587444305,0.0150662446394562
70,0.3113881647586822,0.0229592286050319
80,0.2576286494731903,0.0190672483295202
90,0.2900967597961426,0.0205737389624118
100,0.3223372399806976,0.0315373986959457
110,0.3413088917732239,0.0214086193591356
120,0.2742469608783722,0.0251490790396928
130,0.3097808361053467,0.0245903581380844
140,0.3433664441108703,0.016794167459011
150,0.3507026433944702,0.0231861472129821
160,0.3612760007381439,0.026533143594861
170,0.3632903099060058,0.0190025009214878
180,0.3793999254703522,0.0232423245906829
190,0.3704500198364258,0.0251501873135566
200,0.379550039768219,0.0369952321052551
210,0.3865411579608917,0.0699350982904434
220,0.3886094689369201,0.0196565259248018
230,0.3817988932132721,0.0165595673024654
240,0.4141830205917358,0.0164522714912891
250,0.40068519115448,0.0188261922448873
260,0.4101311564445495,0.0189548432826995
270,0.401020884513855,0.0159272756427526
280,0.4134436249732971,0.0161316953599452
290,0.4063770174980163,0.0189206805080175
300,0.3905997574329376,0.0189513340592384
310,0.4129124879837036,0.0234229173511266
320,0.416843444108963,0.0295263472944498
330,0.4245792031288147,0.0335058197379112
340,0.4180010557174682,0.0293150432407856
350,0.4027338922023773,0.0223648361861705
360,0.3532591462135315,0.0498752482235431
370,0.3550931811332702,0.0218348819762468
380,0.4071128070354461,0.029415963217616
390,0.4159411191940307,0.0805008485913276
400,0.4321677684783935,0.1131011322140693
410,0.4283846616744995,0.1622556746006012
420,0.3922461569309234,0.143612802028656
430,0.4507104158401489,0.2124798744916916
440,0.4320322275161743,0.219553604722023
450,0.4498825073242187,0.223758190870285
460,0.45405974984169,0.2584661841392517
470,0.4655978381633758,0.234579250216484
480,0.4691610336303711,0.2269919365644455
490,0.4522822201251983,0.2341436147689819
500,0.4171364307403564,0.2542982995510101
510,0.4020853340625763,0.2004517614841461
520,0.4765384197235107,0.2584171891212463
530,0.4619941711425781,0.1817903220653534
540,0.4436880350112915,0.1788033992052078
550,0.4682464301586151,0.2508428990840912
560,0.3969170153141022,0.2053218483924865
570,0.3792447447776794,0.1958327889442443
580,0.5424455404281616,0.2945385873317718
590,0.4599111080169678,0.255940705537796
600,0.4603053033351898,0.2391836196184158
610,0.4799223244190216,0.2683010697364807
620,0.414236307144165,0.2201572954654693
630,0.4530510306358337,0.2245616018772125
640,0.4733350276947021,0.2583854794502258
650,0.4780477583408355,0.2790797054767608
660,0.4886848926544189,0.2910372614860534
670,0.4901562035083771,0.2730487287044525
680,0.4544686079025268,0.2516422569751739
690,0.4735047817230224,0.2726995646953583
700,0.4610082507133484,0.263405978679657
710,0.4338757693767547,0.2655420899391174
720,0.4796731173992157,0.2857949137687683
730,0.4553272128105163,0.2879655063152313
740,0.4808360934257507,0.2888770997524261
750,0.5069147944450378,0.3165666759014129
760,0.4792748987674713,0.2816125154495239
770,0.484959214925766,0.2905464768409729
780,0.4865056574344635,0.290212333202362
790,0.4964036047458648,0.3129894137382507
800,0.5241533517837524,0.3521340489387512
810,0.5216800570487976,0.3323569297790527
820,0.5182594060897827,0.3528905212879181
830,0.4927380084991455,0.325835108757019
840,0.4856434464454651,0.3118338584899902
850,0.4876448512077331,0.3155695497989654
860,0.4821351170539856,0.3230511546134949
870,0.4667979478836059,0.3016665279865265
880,0.4896498918533325,0.2555573880672455
890,0.4785227477550506,0.3168594539165497
900,0.4640046656131744,0.3110126852989197
910,0.4846418499946594,0.3112588822841644
920,0.4833137392997741,0.332893967628479
930,0.5468290448188782,0.3733772039413452
940,0.5679782629013062,0.3850541114807129
950,0.5098300576210022,0.3586126863956451
960,0.5092917084693909,0.3161628246307373
970,0.5117418766021729,0.3232519626617431
980,0.4938216805458069,0.3157550096511841
990,0.496648371219635,0.3280065059661865
1000,0.4877394437789917,0.3049134612083435
1010,0.4888479709625244,0.2869739830493927
1020,0.5549468398094177,0.3379579186439514
1030,0.513449490070343,0.3495983779430389
1040,0.4853625297546386,0.3351498544216156
1050,0.5005893111228943,0.3412765562534332
1060,0.5327224135398865,0.365681380033493
1070,0.4999170899391174,0.3393786549568176
1080,0.5069349408149719,0.354377418756485
1090,0.5391182899475098,0.3527326583862304
1100,0.5049659013748169,0.3510683178901672
1110,0.4959056973457336,0.3480241298675537
1120,0.4916325807571411,0.3517561554908752
1130,0.5159630179405212,0.3669849336147308
1140,0.4973203539848327,0.3650495409965515
1150,0.5124609470367432,0.3786277174949646
1160,0.4986967742443084,0.3524926602840423
1170,0.4925780594348907,0.3480314910411834
1180,0.4466547966003418,0.3242138028144836
1190,0.4483904838562011,0.311994194984436
1200,0.400941252708435,0.2962418496608734
1210,0.3874850571155548,0.2824477851390838
1220,0.4507199227809906,0.3319005370140075
1230,0.5065297484397888,0.3772366642951965
1240,0.4954151511192322,0.3641558587551117
1250,0.5108758211135864,0.3738755285739898
1260,0.5025560259819031,0.3685412108898163
1270,0.4899356365203857,0.3603727221488952
1280,0.5032816529273987,0.3730179965496063
1290,0.5214719772338867,0.3812655210494995
1300,0.508240282535553,0.3869738578796386
1310,0.510414719581604,0.3944421708583832
1320,0.5218195915222168,0.3948822915554046
1330,0.5374040007591248,0.4139107763767242
1340,0.536649227142334,0.4244993329048157
1350,0.5184288024902344,0.4013819396495819
1360,0.512739896774292,0.3922860622406006
1370,0.5046860575675964,0.4003855288028717
1380,0.5039240121841431,0.4035102427005768
1390,0.5041282176971436,0.3845023512840271
1400,0.5037009716033936,0.4119872748851776
1410,0.4893032908439636,0.3853881359100342
1420,0.512576699256897,0.4142922163009643
1430,0.5379173755645752,0.4187197983264923
1440,0.4674447774887085,0.3774552941322326
1450,0.3824388384819031,0.312541514635086
1460,0.2866111993789673,0.2238323390483856
1470,0.4488425254821777,0.3419516682624817
1480,0.4854813814163208,0.3890993893146515
1490,0.5333099365234375,0.4464656114578247
1500,0.5576494336128235,0.4728191494941711
1510,0.4644021689891815,0.3845930397510528
1520,0.4181216359138489,0.3064078390598297
1530,0.5408406257629395,0.4457378089427948
1540,0.5181823968887329,0.4268970489501953
1550,0.5613013505935669,0.4557220935821533
1560,0.5283048152923584,0.3991260528564453
1570,0.5337495803833008,0.4288662672042846
1580,0.5095605850219727,0.4146935045719147
1590,0.5086487531661987,0.3997964859008789
1600,0.5212899446487427,0.420329213142395
1610,0.5202928781509399,0.417631983757019
1620,0.5061604976654053,0.4170487821102142
1630,0.5125616788864136,0.4108029901981354
1640,0.4631543159484863,0.3837566375732422
1650,0.5055748820304871,0.4119084477424621
1660,0.5098758339881897,0.4070816934108734
1670,0.4839372634887695,0.3927423059940338
1680,0.5155812501907349,0.4313515126705169
1690,0.513673722743988,0.4203567504882812
1700,0.5141503810882568,0.4291390478610992
1710,0.5174551010131836,0.4278165698051452
1720,0.5255858302116394,0.4456329047679901
1730,0.505163311958313,0.4213486909866333
1740,0.5149973034858704,0.4454296827316284
1750,0.5072999596595764,0.43323814868927
1760,0.5149322152137756,0.4427415430545807
1770,0.4705368876457214,0.3682627975940704
1780,0.499197244644165,0.411601722240448
1790,0.5485659837722778,0.4773159325122833
1800,0.512704610824585,0.4403842687606811
1810,0.5004999041557312,0.4157392084598541
1820,0.5216628909111023,0.4422622919082641
1830,0.5325278639793396,0.458890438079834
1840,0.5154849886894226,0.4388870596885681
1850,0.5198203325271606,0.4463630616664886
1860,0.5151405930519104,0.4461128115653991
1870,0.5189981460571289,0.4499605298042297
1880,0.5310472249984741,0.4648883044719696
1890,0.5191473960876465,0.4543833434581756
1900,0.5237579941749573,0.4612839221954345
1910,0.5708102583885193,0.5099432468414307
1920,0.5285288095474243,0.4689037799835205
1930,0.5065377950668335,0.434387058019638
1940,0.4883764684200287,0.4074526131153106
1950,0.4727645218372345,0.4034346044063568
1960,0.5270939469337463,0.4540290832519531
1970,0.4674875736236572,0.4060737490653991
1980,0.4380376040935516,0.385109007358551
1990,0.5076134204864502,0.4383851885795593
2000,0.5054334402084351,0.4361973404884338
2010,0.5533204674720764,0.483433723449707
2020,0.5148353576660156,0.4456645548343658
2030,0.5938351154327393,0.5161084532737732
2040,0.533155620098114,0.4587944447994232
2050,0.4560132026672363,0.4084562361240387
2060,0.4836741685867309,0.4315016865730285
2070,0.5175490379333496,0.4559848308563232
2080,0.5210885405540466,0.4583591818809509
2090,0.528765082359314,0.4700569808483124
2100,0.5850139260292053,0.5294908285140991
2110,0.5973625183105469,0.5380691289901733
2120,0.6105911731719971,0.5499598383903503
2130,0.6130685210227966,0.5514843463897705
2140,0.5271547436714172,0.4569242298603058
2150,0.530695915222168,0.4702709913253784
2160,0.517746090888977,0.4523534774780273
2170,0.529979944229126,0.4597830772399902
2180,0.5046425461769104,0.4329292178153991
2190,0.5332480072975159,0.4596777558326721
2200,0.5211293697357178,0.4656901061534881
2210,0.515861988067627,0.4536921381950378
2220,0.5283977389335632,0.4561947286128998
2230,0.5134587287902832,0.461980789899826
2240,0.5223044753074646,0.4376371800899505
2250,0.5245335102081299,0.4474020302295685
2260,0.5161365270614624,0.4488084316253662
2270,0.5154470801353455,0.4462121725082397
2280,0.4800968468189239,0.4088701009750366
2290,0.5108520984649658,0.4457290172576904
2300,0.5070487856864929,0.4510133266448974
2310,0.5261553525924683,0.4659124612808227
2320,0.5406746864318848,0.4811201691627502
2330,0.5203308463096619,0.463928610086441
2340,0.5256558060646057,0.4747989773750305
2350,0.5000928044319153,0.4501315355300903
2360,0.5178765058517456,0.4631745219230652
2370,0.5232334733009338,0.4728772342205047
2380,0.5485683679580688,0.4927662312984466
2390,0.5096336603164673,0.4651909172534942
2400,0.5342913269996643,0.4798360168933868
2410,0.525690495967865,0.4549779891967773
2420,0.522064208984375,0.4512602090835571
2430,0.5362259149551392,0.4499127268791199
2440,0.5100686550140381,0.4435442984104156
2450,0.5231035351753235,0.4631716310977936
2460,0.5230441093444824,0.4647728502750397
2470,0.4248494803905487,0.3841447830200195
2480,0.498181402683258,0.4339462220668793
2490,0.4987091422080993,0.4350810050964355
2500,0.545030951499939,0.4886517822742462
2510,0.5315672159194946,0.4791695475578308
2520,0.517099142074585,0.4620656073093414
2530,0.5311752557754517,0.472290575504303
2540,0.5183418989181519,0.470318853855133
2550,0.4885712265968323,0.4366539120674133
2560,0.5107413530349731,0.4576486647129059
2570,0.5266591310501099,0.4700454771518707
2580,0.5211830139160156,0.4700122773647308
2590,0.5230281352996826,0.4648471474647522
2600,0.5110969543457031,0.4595579802989959
2610,0.5053980350494385,0.4579001367092132
2620,0.4982235431671142,0.444349855184555
2630,0.5208162069320679,0.4631921648979187
2640,0.5264434814453125,0.4769071042537689
2650,0.5317933559417725,0.4675548076629638
2660,0.5528146624565125,0.4903501272201538
2670,0.5372093319892883,0.473564863204956
2680,0.5301030874252319,0.4776071310043335
2690,0.5231902003288269,0.4716587960720062
2700,0.524771511554718,0.4761697351932525
2710,0.5209318399429321,0.466880202293396
2720,0.536577582359314,0.4795926213264465
2730,0.5395976305007935,0.4879970550537109
2740,0.5361771583557129,0.4823267459869385
2750,0.4948942065238952,0.4473607540130615
2760,0.5131349563598633,0.4604330062866211
2770,0.5703974366188049,0.5151767134666443
2780,0.5114153623580933,0.4593658149242401
2790,0.5184417963027954,0.4731800556182861
2800,0.5535540580749512,0.5123263001441956
2810,0.5236577987670898,0.4696952998638153
2820,0.5110262036323547,0.4611368775367737
2830,0.5574014186859131,0.5155128240585327
2840,0.548032820224762,0.5076077580451965
2850,0.544410228729248,0.4962130784988403
2860,0.5265766382217407,0.4853045344352722
2870,0.5171507596969604,0.4780263006687164
2880,0.5233278274536133,0.4733311533927917
2890,0.5616058111190796,0.5052452683448792
2900,0.5284220576286316,0.481565773487091
2910,0.5158146023750305,0.4675845503807068
2920,0.5338948369026184,0.4788259863853454
2930,0.514398455619812,0.466340571641922
2940,0.5257737636566162,0.4839419424533844
2950,0.5069808959960938,0.4642950296401977
2960,0.5343465209007263,0.4917981624603271
2970,0.5366460084915161,0.4850856065750122
2980,0.522514820098877,0.4738718569278717
2990,0.5370087623596191,0.4948700070381164
3000,0.490898072719574,0.4436994194984436
3010,0.5195882320404053,0.4571714699268341
3020,0.5356762409210205,0.4896902441978454
3030,0.5181961059570312,0.46577188372612
3040,0.532318115234375,0.4906612336635589
3050,0.5378332138061523,0.4863569140434265
3060,0.5579351186752319,0.5107360482215881
3070,0.5305874347686768,0.4925238490104675
3080,0.546700656414032,0.5020811557769775
3090,0.5528544187545776,0.5044272541999817
3100,0.5439164638519287,0.495321124792099
3110,0.5115252733230591,0.4670058786869049
3120,0.5164388418197632,0.4669646024703979
3130,0.5223983526229858,0.4791015982627868
3140,0.5232105255126953,0.4698420166969299
3150,0.554340660572052,0.5087246298789978
3160,0.5371350049972534,0.4928964674472809
3170,0.5243726968765259,0.4769300818443298
3180,0.5282250642776489,0.4810244739055633
3190,0.5378046035766602,0.489645779132843
3200,0.5356855988502502,0.4908123612403869
3210,0.5235709547996521,0.4873818159103393
3220,0.5419423580169678,0.4931347370147705
3230,0.4906932115554809,0.4405213892459869
3240,0.5226324796676636,0.4737252295017242
3250,0.5362181663513184,0.4812987148761749
3260,0.5372408032417297,0.4791590869426727
3270,0.5384756326675415,0.4882598519325256
3280,0.5367662906646729,0.4988303780555725
3290,0.5445679426193237,0.5050711631774902
3300,0.5573250651359558,0.5179704427719116
3310,0.5468058586120605,0.5098724365234375
3320,0.5214447379112244,0.4798603057861328
3330,0.5333525538444519,0.4861869215965271
3340,0.5440077781677246,0.4978826642036438
3350,0.5479319095611572,0.5010268688201904
3360,0.502865195274353,0.4526002407073974
3370,0.5299925804138184,0.4884124994277954
3380,0.5283952951431274,0.4773536920547485
3390,0.5486014485359192,0.501145601272583
3400,0.5091204047203064,0.47044438123703
3410,0.5727646350860596,0.5383777618408203
3420,0.5415149927139282,0.5027149319648743
3430,0.5280871391296387,0.4903916120529175
3440,0.5335432291030884,0.4932518601417541
3450,0.5221653580665588,0.4710806906223297
3460,0.526811420917511,0.4857977926731109
3470,0.5168015956878662,0.4780232310295105
3480,0.5199898481369019,0.4815006256103515
3490,0.5035337805747986,0.4543192088603973
3500,0.5243977308273315,0.4861446619033813
3510,0.5337880849838257,0.4946527481079101
3520,0.5569689869880676,0.5140058994293213
3530,0.547980785369873,0.4940765500068664
3540,0.5203446745872498,0.4759888052940368
3550,0.5531219840049744,0.5089203119277954
3560,0.5243892073631287,0.4776290655136108
3570,0.5474268198013306,0.5026652216911316
3580,0.4882296919822693,0.450228214263916
3590,0.5060460567474365,0.4674508571624756
3600,0.4466984868049621,0.3943778276443481
3610,0.4458344876766205,0.3978941738605499
3620,0.4326808452606201,0.3890553414821625
3630,0.4656866192817688,0.4246650338172912
3640,0.4929070174694061,0.444078266620636
3650,0.5123451352119446,0.4704437851905823
3660,0.5399069786071777,0.5005643367767334
3670,0.5355658531188965,0.4980785250663757
3680,0.5234808325767517,0.488729864358902
3690,0.5379273295402527,0.5003738403320312
3700,0.4858443737030029,0.4498583972454071
3710,0.4521853029727936,0.4070316851139068
3720,0.5195176601409912,0.4816210865974426
3730,0.5404103994369507,0.5021111965179443
3740,0.5013036727905273,0.4449805021286011
3750,0.5370543003082275,0.4913524389266968
3760,0.5269373655319214,0.4925960898399353
3770,0.5185837745666504,0.4710716605186462
3780,0.5295831561088562,0.4811382889747619
3790,0.5378413200378418,0.4989167153835296
3800,0.5218404531478882,0.4883183240890503
3810,0.4761497974395752,0.4386017322540283
3820,0.4804969429969787,0.4400721490383148
3830,0.5023507475852966,0.4632207155227661
3840,0.492728441953659,0.4569782614707947
3850,0.5089898109436035,0.4582586884498596
3860,0.4246988594532013,0.3855230212211609
3870,0.3900655508041382,0.3574504554271698
3880,0.4844054579734802,0.4444660544395447
3890,0.5312068462371826,0.4907938241958618
3900,0.5098848342895508,0.4674069881439209
3910,0.5597295165061951,0.5141627788543701
3920,0.5331929922103882,0.49007248878479
3930,0.530167818069458,0.4879419207572937
3940,0.5330504179000854,0.487902820110321
3950,0.5371106266975403,0.4967480599880218
3960,0.5270904302597046,0.4859520196914673
3970,0.5341713428497314,0.4923844337463379
3980,0.5691480040550232,0.5275591611862183
3990,0.5936393737792969,0.5589938163757324
4000,0.5658198595046997,0.5261878371238708
4010,0.5535855293273926,0.5152349472045898
4020,0.5316482782363892,0.4955716729164123
4030,0.5417941808700562,0.5058718919754028
4040,0.5528333187103271,0.5190893411636353
4050,0.506344735622406,0.4708144664764404
4060,0.5479652285575867,0.5118548274040222
4070,0.5348295569419861,0.4960328638553619
4080,0.5461068153381348,0.511078953742981
4090,0.5205976366996765,0.4798751175403595
4100,0.5345715880393982,0.4981451630592346
4110,0.5269294381141663,0.4880110621452331
4120,0.5276204943656921,0.4941820502281189
4130,0.5451849699020386,0.5111515522003174
4140,0.6004380583763123,0.5669727921485901
4150,0.5469784140586853,0.5138131976127625
4160,0.5272017121315002,0.48814657330513
4170,0.5426861047744751,0.504443883895874
4180,0.5438017845153809,0.509746789932251
4190,0.5517064929008484,0.5238577723503113
4200,0.5416494607925415,0.5089895129203796
4210,0.5270342230796814,0.4895640015602112
4220,0.5360368490219116,0.4924961924552917
4230,0.5877021551132202,0.5514577031135559
4240,0.5411221385002136,0.5025167465209961
4250,0.5409306287765503,0.5029674768447876
4260,0.5510725378990173,0.5106581449508667
4270,0.5426321625709534,0.5026603937149048
4280,0.5477700233459473,0.5057157278060913
4290,0.5317151546478271,0.4924874007701874
4300,0.5236246585845947,0.4923003911972046
4310,0.5314429998397827,0.4959605932235718
4320,0.5236752033233643,0.4914374351501465
4330,0.5520439743995667,0.5142256021499634
4340,0.5218669176101685,0.4787521660327911
4350,0.5246146321296692,0.4928720891475677
4360,0.5084604024887085,0.4691877365112304
4370,0.5452396869659424,0.5115575790405273
4380,0.5314907431602478,0.5022807121276855
4390,0.5346263647079468,0.5008599162101746
4400,0.5527684688568115,0.5170372724533081
4410,0.5354361534118652,0.5007622241973877
4420,0.5760419368743896,0.547199010848999
4430,0.5391761660575867,0.5045698881149292
4440,0.5610023140907288,0.5223901271820068
4450,0.5441238880157471,0.5133154988288879
4460,0.5065612196922302,0.4673312902450561
4470,0.5105213522911072,0.4724403023719787
4480,0.5223265290260315,0.4871265888214111
4490,0.5370542407035828,0.5061568021774292
4500,0.5330266952514648,0.4995017051696777
4510,0.5031009912490845,0.4703548550605774
4520,0.5428242683410645,0.509200394153595
4530,0.5346344709396362,0.5044400691986084
4540,0.5424540638923645,0.5094582438468933
4550,0.5508331060409546,0.5170814990997314
4560,0.5327070951461792,0.4990929663181305
4570,0.5679199695587158,0.5206941962242126
4580,0.5842803120613098,0.5495708584785461
4590,0.5527576804161072,0.5182227492332458
4600,0.5376191139221191,0.5048072338104248
4610,0.5367068648338318,0.49494269490242
4620,0.5385724902153015,0.5008746981620789
4630,0.5238419771194458,0.4899295568466186
4640,0.5443381667137146,0.5121471881866455
4650,0.5416322350502014,0.5070987343788147
4660,0.542687177658081,0.5131399631500244
4670,0.5928084254264832,0.5675274133682251
4680,0.5773078203201294,0.5469631552696228
4690,0.6121612191200256,0.5845205783843994
4700,0.5751124620437622,0.5395148396492004
4710,0.5600493550300598,0.53072190284729
4720,0.5344101786613464,0.505829930305481
4730,0.5377219915390015,0.5088391304016113
4740,0.5486825108528137,0.5184798240661621
4750,0.53985595703125,0.5054954290390015
4760,0.5339438319206238,0.4975874722003937
4770,0.5466254949569702,0.5142616629600525
4780,0.532778799533844,0.5065010786056519
4790,0.5031716227531433,0.4716300964355469
4800,0.5000969171524048,0.4558696150779724
4810,0.5349947214126587,0.4924105405807495
4820,0.5547083020210266,0.523082971572876
4830,0.5574751496315002,0.5255450010299683
4840,0.5314915180206299,0.5019481778144836
4850,0.5328667163848877,0.503167986869812
4860,0.4723282158374786,0.44141486287117
4870,0.4717660844326019,0.435466468334198
4880,0.4511606693267822,0.4220568239688873
4890,0.5152464509010315,0.4831560254096985
4900,0.5168975591659546,0.4870219528675079
4910,0.554336428642273,0.5247583389282227
4920,0.5428504347801208,0.514580488204956
4930,0.5456109046936035,0.5144559144973755
4940,0.536102294921875,0.4938583672046661
4950,0.534709095954895,0.5028063654899597
4960,0.543487012386322,0.5116844177246094
4970,0.539940595626831,0.5076436400413513
4980,0.523076593875885,0.4925520122051239
4990,0.5225211977958679,0.4974836111068725
5000,0.5349694490432739,0.5048856735229492
5010,0.5342135429382324,0.5057438611984253
5020,0.5602226257324219,0.530046820640564
5030,0.5470606088638306,0.5201419591903687
5040,0.5748973488807678,0.5536575317382812
5050,0.5841042399406433,0.5555228590965271
5060,0.548442542552948,0.5205537676811218
5070,0.5404525399208069,0.5124201774597168
5080,0.5666095018386841,0.5335349440574646
5090,0.5619298219680786,0.5318395495414734
5100,0.5325685143470764,0.5049593448638916
5110,0.5186692476272583,0.4854989349842071
5120,0.5248812437057495,0.4957773089408874
5130,0.5003356337547302,0.4732454717159271
5140,0.5341095924377441,0.5028008818626404
5150,0.5629438161849976,0.5297738313674927
5160,0.5460731983184814,0.5145329236984253
5170,0.5245000123977661,0.4968280792236328
5180,0.5377169251441956,0.5086703300476074
5190,0.5156499147415161,0.4831535220146179
5200,0.5447520017623901,0.503678560256958
5210,0.5478687882423401,0.5207558870315552
5220,0.5555163621902466,0.5307316780090332
5230,0.5212963223457336,0.4871256351470947
5240,0.5381019115447998,0.5043631792068481
5250,0.5323389172554016,0.5021730661392212
5260,0.5473811626434326,0.5192205905914307
5270,0.5413569808006287,0.5126124620437622
5280,0.5407360792160034,0.5119905471801758
5290,0.5392812490463257,0.5064869523048401
5300,0.5461915135383606,0.5183020234107971
5310,0.52414470911026,0.4970186650753021
5320,0.533286988735199,0.5056808590888977
5330,0.5214871168136597,0.4955862462520599
5340,0.5816640257835388,0.5482298731803894
5350,0.5529375672340393,0.5171697735786438
5360,0.5539441108703613,0.5213544368743896
5370,0.5523428916931152,0.5206986665725708
5380,0.5546860694885254,0.5258963108062744
5390,0.5555316209793091,0.5295670032501221
5400,0.5585352182388306,0.531827986240387
5410,0.5460575819015503,0.5118781328201294
5420,0.5375010967254639,0.507773220539093
5430,0.5416766405105591,0.5149751901626587
5440,0.5466129779815674,0.5209960341453552
5450,0.5446602702140808,0.5163379907608032
5460,0.5326609015464783,0.5022148489952087
5470,0.4902304708957672,0.4623617827892303
5480,0.5753458142280579,0.5490370988845825
5490,0.5424315929412842,0.5152631402015686
5500,0.5429707765579224,0.51678866147995
5510,0.5436279773712158,0.518356204032898
5520,0.5478245615959167,0.5224688053131104
5530,0.5156958699226379,0.4780868887901306
5540,0.5061786770820618,0.4811206459999084
5550,0.5893145799636841,0.5671297311782837
5560,0.6119522452354431,0.5869318842887878
5570,0.636053740978241,0.6176750659942627
5580,0.4541518688201904,0.4295568466186523
5590,0.526223361492157,0.4965717792510986
5600,0.5608214139938354,0.5373339056968689
5610,0.5438251495361328,0.5167913436889648
5620,0.5325918793678284,0.5056043863296509
5630,0.499714195728302,0.477001428604126
5640,0.5329676866531372,0.50533127784729
5650,0.5410476326942444,0.5101416110992432
5660,0.5375615358352661,0.5112969279289246
5670,0.526631236076355,0.5015237331390381
5680,0.5448529720306396,0.5184977054595947
5690,0.5553607940673828,0.5257035493850708
5700,0.5094520449638367,0.4824884831905365
5710,0.5327496528625488,0.502132773399353
5720,0.5740209221839905,0.5461099147796631
5730,0.5355933308601379,0.508729875087738
5740,0.5164977312088013,0.4933444857597351
5750,0.5260545611381531,0.5031833648681641
5760,0.5459707379341125,0.5186461210250854
5770,0.5478501915931702,0.5238076448440552
5780,0.6177890300750732,0.597208559513092
5790,0.549603283405304,0.525432825088501
5800,0.5467690825462341,0.5201953649520874
5810,0.5577050447463989,0.5325457453727722
5820,0.5298715829849243,0.502287745475769
5830,0.5144296884536743,0.4887327551841736
5840,0.5456231236457825,0.5204612016677856
5850,0.538644552230835,0.508565366268158
5860,0.5340778827667236,0.5060505867004395
5870,0.5791801810264587,0.5505613088607788
5880,0.5430927276611328,0.5185694694519043
5890,0.5402491688728333,0.5152502059936523
5900,0.5496591925621033,0.5234878659248352
5910,0.5470940470695496,0.5226918458938599
5920,0.5336878299713135,0.5112487077713013
5930,0.5344566702842712,0.5097513198852539
5940,0.5682474970817566,0.5426636338233948
5950,0.5379005670547485,0.5106837153434753
5960,0.558262050151825,0.5337800979614258
5970,0.5407806038856506,0.5136571526527405
5980,0.5449134707450867,0.5217177867889404
5990,0.5769789218902588,0.5569005012512207
6000,0.5656710267066956,0.5425755977630615
6010,0.5633658170700073,0.5400760173797607
6020,0.5588492155075073,0.533769428730011
6030,0.5414256453514099,0.5169510245323181
6040,0.5439543724060059,0.5179829001426697
6050,0.5305681824684143,0.5074058175086975
6060,0.518580436706543,0.4911316633224487
6070,0.5435338616371155,0.5180251002311707
6080,0.5401816964149475,0.5152789950370789
6090,0.524617612361908,0.502371609210968
6100,0.5347228050231934,0.5078014135360718
6110,0.4996542334556579,0.4793005585670471
6120,0.5402957201004028,0.5181037783622742
6130,0.5822786092758179,0.5589542388916016
6140,0.5418841242790222,0.5182011127471924
6150,0.5426947474479675,0.5209375619888306
6160,0.5480836629867554,0.5251092314720154
6170,0.5708276033401489,0.5473088026046753
6180,0.5856209397315979,0.5635892152786255
6190,0.5968081951141357,0.5733416080474854
6200,0.5937069654464722,0.5677897930145264
6210,0.5577598810195923,0.5317527055740356
6220,0.5282258987426758,0.5049706697463989
6230,0.5272084474563599,0.502933144569397
6240,0.5341470241546631,0.5077589154243469
6250,0.5443981289863586,0.5192673802375793
6260,0.5283393859863281,0.5044893622398376
6270,0.5589303374290466,0.5339353084564209
6280,0.5463526248931885,0.5252694487571716
6290,0.5542800426483154,0.5289390683174133
6300,0.5679113864898682,0.5417790412902832
6310,0.5423239469528198,0.5188942551612854
6320,0.5443504452705383,0.5246139168739319
6330,0.552822470664978,0.5284167528152466
6340,0.4813752770423889,0.4610809683799743
6350,0.5544676780700684,0.530983567237854
6360,0.5521935224533081,0.5299766063690186
6370,0.5513005256652832,0.5278367400169373
6380,0.5610246658325195,0.5377227067947388
6390,0.5559660196304321,0.5349375009536743
6400,0.5461723804473877,0.5245733857154846
6410,0.5582611560821533,0.5353379249572754
6420,0.536908745765686,0.5139878988265991
6430,0.5460132956504822,0.5204405784606934
6440,0.5156272053718567,0.4894906878471374
6450,0.4834959208965301,0.463387131690979
6460,0.5322965979576111,0.5112210512161255
6470,0.5501365065574646,0.5261859893798828
6480,0.5368026494979858,0.5118958950042725
6490,0.5240139961242676,0.4999938309192657
6500,0.5615728497505188,0.5377724170684814
6510,0.5055608153343201,0.4770715236663818
6520,0.4539572596549988,0.4216582179069519
6530,0.322436511516571,0.2991305887699127
6540,0.4579262435436249,0.4362532198429107
6550,0.5326946973800659,0.5132014751434326
6560,0.5376213788986206,0.5148212313652039
6570,0.5432618260383606,0.520868182182312
6580,0.5526095628738403,0.5298184156417847
6590,0.5753977298736572,0.5493673086166382
6600,0.5567123889923096,0.535132646560669
6610,0.5458580255508423,0.5238715410232544
6620,0.5578731298446655,0.5332993268966675
6630,0.5267783403396606,0.5053930878639221
6640,0.5620201826095581,0.5401322245597839
6650,0.5667862892150879,0.5439281463623047
6660,0.530335009098053,0.5090915560722351
6670,0.5419968366622925,0.5203090906143188
6680,0.5460595488548279,0.5232548713684082
6690,0.5830816030502319,0.5603414177894592
6700,0.5421788096427917,0.5202604532241821
6710,0.5311838984489441,0.5118111371994019
6720,0.5277625322341919,0.5077829957008362
6730,0.5457761287689209,0.5204375982284546
6740,0.5490654706954956,0.5238636136054993
6750,0.5419758558273315,0.5214295983314514
6760,0.5678843855857849,0.5442194938659668
6770,0.5712776184082031,0.5478072166442871
6780,0.535962700843811,0.5149854421615601
6790,0.5456211566925049,0.5230775475502014
6800,0.539300799369812,0.5171731114387512
6810,0.5143016576766968,0.492197722196579
6820,0.5246699452400208,0.5004487037658691
6830,0.4822871088981628,0.4621810913085937
6840,0.422655701637268,0.4069127440452575
6850,0.4230698347091675,0.4065191149711609
6860,0.3962500691413879,0.3815509080886841
6870,0.3692568838596344,0.3574427962303161
6880,0.419883519411087,0.4047080278396606
6890,0.5431081652641296,0.5224555134773254
6900,0.515002965927124,0.4971320629119873
6910,0.5588269233703613,0.5377776026725769
6920,0.5575541257858276,0.5358954668045044
6930,0.5985377430915833,0.5813465118408203
6940,0.546445906162262,0.5263022780418396
6950,0.5498615503311157,0.5291441082954407
6960,0.5373026132583618,0.5151576995849609
6970,0.4953619837760925,0.4688327312469482
6980,0.5511399507522583,0.5259395837783813
6990,0.5298929214477539,0.5068110823631287
7000,0.5489649772644043,0.5273967981338501
7010,0.5731277465820312,0.5517579317092896
7020,0.5290236473083496,0.5024251341819763
7030,0.5276355147361755,0.5033277273178101
7040,0.5333234071731567,0.5140694975852966
7050,0.5430546998977661,0.52437424659729
7060,0.554408848285675,0.5318238139152527
7070,0.55400151014328,0.5342006087303162
7080,0.5443299412727356,0.5220335721969604
7090,0.5380580425262451,0.5196019411087036
7100,0.4981304705142975,0.4794946610927582
7110,0.503722608089447,0.4856409132480621
7120,0.5676467418670654,0.5462599992752075
7130,0.5385088920593262,0.5159111618995667
7140,0.5430139303207397,0.5237010717391968
7150,0.5412501096725464,0.5210103988647461
7160,0.5455220937728882,0.5246682167053223
7170,0.4430021941661834,0.427146703004837
7180,0.5410786867141724,0.5202279090881348
7190,0.5680058002471924,0.5483101606369019
7200,0.5469201803207397,0.5267534255981445
7210,0.5347477197647095,0.5140150189399719
7220,0.5359538793563843,0.5156135559082031
7230,0.5358046293258667,0.5156596302986145
7240,0.5376696586608887,0.5152660608291626
7250,0.535880446434021,0.5168619751930237
7260,0.5235655903816223,0.5028782486915588
7270,0.5138213634490967,0.4951028823852539
7280,0.5074085593223572,0.4883440136909485
7290,0.5462914109230042,0.5238711833953857
7300,0.4444906413555145,0.4231791496276855
7310,0.5357236862182617,0.5128198862075806
7320,0.5394585132598877,0.5194488167762756
7330,0.5331781506538391,0.512376070022583
7340,0.5289267897605896,0.509464681148529
7350,0.5646945238113403,0.5432992577552795
7360,0.5388553738594055,0.515181303024292
7370,0.5150436758995056,0.4900177717208862
7380,0.5004344582557678,0.4812808632850647
7390,0.5458558797836304,0.5247715711593628
7400,0.5460366606712341,0.525070309638977
7410,0.555553674697876,0.5349625945091248
7420,0.5502189993858337,0.5291938781738281
7430,0.5508347153663635,0.5296957492828369
7440,0.5636672973632812,0.5440775156021118
7450,0.5539883375167847,0.53262859582901
7460,0.5396178960800171,0.5211494565010071
7470,0.534355103969574,0.516741156578064
7480,0.5555121898651123,0.5337086915969849
7490,0.5964148044586182,0.5753916501998901
7500,0.5488149523735046,0.5264033079147339
7510,0.5174194574356079,0.4958232939243316
7520,0.5401657819747925,0.5210258960723877
7530,0.5647479295730591,0.5424695014953613
7540,0.5481259822845459,0.5255246162414551
7550,0.5375676155090332,0.51606285572052
7560,0.5560575723648071,0.536185622215271
7570,0.5475628972053528,0.5291397571563721
7580,0.5209111571311951,0.5008394718170166
7590,0.4460929632186889,0.4315703213214874
7600,0.4540416598320007,0.4365083277225494
7610,0.5176052451133728,0.4955672025680542
7620,0.529270350933075,0.508357584476471
7630,0.5225879549980164,0.5040856599807739
7640,0.5273206233978271,0.5070061683654785
7650,0.5339282751083374,0.5146427750587463
7660,0.5343300104141235,0.5145554542541504
7670,0.5533681511878967,0.5366181135177612
7680,0.4230192601680755,0.4081037044525146
7690,0.4123086333274841,0.397267609834671
7700,0.4162519574165344,0.4033821225166321
7710,0.4797285795211792,0.4617480635643005
7720,0.533877968788147,0.5152733325958252
7730,0.5516524314880371,0.5306835174560547
7740,0.5426169633865356,0.5222318172454834
7750,0.5365265607833862,0.5174762606620789
7760,0.5553443431854248,0.5331928133964539
7770,0.5479448437690735,0.5271725058555603
7780,0.5229839086532593,0.505131721496582
7790,0.5427532196044922,0.5243151783943176
7800,0.5392279624938965,0.5207400918006897
7810,0.5509048700332642,0.5321711897850037
7820,0.530243456363678,0.5126505494117737
7830,0.554641842842102,0.5344045758247375
7840,0.5527371168136597,0.5322499871253967
7850,0.5283159017562866,0.5084407329559326
7860,0.5355684757232666,0.5161226987838745
7870,0.577322244644165,0.5556010007858276
7880,0.5614871978759766,0.5421177744865417
7890,0.5679160356521606,0.5475260019302368
7900,0.5374492406845093,0.5186249613761902
7910,0.5523594617843628,0.5315985679626465
7920,0.581732988357544,0.5637953281402588
7930,0.5502946376800537,0.5274304747581482
7940,0.553631067276001,0.5345165133476257
7950,0.5344340801239014,0.5135579705238342
7960,0.5431037545204163,0.523105263710022
7970,0.562830924987793,0.54258131980896
7980,0.556808590888977,0.5376999378204346
7990,0.5664379596710205,0.5447574853897095
8000,0.5538343191146851,0.5332527160644531
