Step,andrea-z2z-phi35-4B-zeroinit-1BData-v0.6.4-Zip2zipCore - loss,xinxian-z2z-phi35-4B-nores-1BData-vx0.6.4.2-Zip2zipCore - loss
10,3.974762439727783,76.78163146972656
20,3.9761929512023926,37.21018600463867
30,3.126845359802246,22.5567626953125
40,3.3842430114746094,20.895587921142575
50,3.3075597286224365,19.562488555908203
60,3.3300912380218506,20.2936954498291
70,2.9842123985290527,16.365398406982422
80,3.4499990940093994,14.503398895263672
90,3.097349166870117,23.939884185791016
100,2.697448492050171,15.300036430358888
110,2.632890462875366,23.295499801635746
120,3.141761302947998,16.230335235595703
130,2.908254861831665,14.358503341674805
140,2.584197521209717,11.834806442260742
150,2.4196019172668457,7.579249382019043
160,2.469031572341919,8.245359420776367
170,2.3681511878967285,7.963569641113281
180,2.26680326461792,7.69466495513916
190,2.3704135417938232,7.910348892211914
200,2.2773709297180176,7.488625526428223
210,2.2140703201293945,8.192602157592773
220,2.229644536972046,13.844282150268556
230,2.2543513774871826,11.647353172302246
240,2.0484707355499268,10.97869873046875
250,2.1076364517211914,9.386845588684082
260,2.07177734375,8.336673736572266
270,2.003697395324707,8.1478853225708
280,2.0383801460266118,8.38857650756836
290,2.138150691986084,8.201281547546387
300,2.15282678604126,8.14990234375
310,2.1042251586914062,7.996219635009766
320,2.0675437450408936,7.775916576385498
330,2.0411834716796875,8.014967918395996
340,2.0294442176818848,9.069572448730469
350,2.129181385040283,10.252197265625
360,2.3977127075195312,7.701296806335449
370,2.3112118244171143,7.68803596496582
380,2.110735416412353,8.429924964904785
390,2.0163702964782715,7.741669178009033
400,1.8940845727920528,5.409528255462647
410,1.924312114715576,5.647648811340332
420,1.9499573707580569,5.395503997802734
430,1.8036305904388428,5.146811008453369
440,1.9675158262252808,5.113498210906982
450,1.807506799697876,4.940268516540527
460,1.844834566116333,4.487154006958008
470,1.725834608078003,4.515087127685547
480,1.730560541152954,5.470320224761963
490,1.7825405597686768,4.882392883300781
500,1.8766539096832275,4.282068252563477
510,2.1040596961975098,6.823695182800293
520,1.6366058588027954,4.811296463012695
530,1.665527105331421,5.337093830108643
540,1.855254888534546,7.208212852478027
550,1.7315579652786257,5.818315029144287
560,2.295457601547241,4.962530136108398
570,2.472131490707397,6.452676773071289
580,1.4705768823623655,4.2312421798706055
590,1.848156452178955,4.486588954925537
600,1.7710165977478027,4.9514479637146
610,1.5801126956939695,4.202921390533447
620,1.951687574386597,4.677573204040527
630,1.7654173374176023,5.4714837074279785
640,1.774384617805481,5.3789496421813965
650,1.731888771057129,4.916118144989014
660,1.6488852500915527,4.5926666259765625
670,1.587064266204834,4.323550224304199
680,1.815713882446289,4.452604293823242
690,1.7151167392730713,4.23422908782959
700,1.8102521896362305,4.297031879425049
710,2.024545431137085,4.509984970092773
720,1.6751737594604492,4.019921779632568
730,1.7884620428085327,3.7353901863098153
740,1.6687614917755127,3.628952026367188
750,1.572124481201172,3.3138248920440674
760,1.689388871192932,4.060110092163086
770,1.6541759967803955,3.8892335891723633
780,1.66619873046875,4.133086204528809
790,1.5977511405944824,3.497079372406006
800,1.5890090465545654,3.5981903076171875
810,1.6409140825271606,3.5877139568328857
820,1.56316876411438,3.246562957763672
830,1.673235297203064,3.764194011688232
840,1.664701223373413,3.5012247562408447
850,1.7030433416366575,3.385439395904541
860,1.6799684762954712,3.158254146575928
870,1.9264132976531985,3.8513009548187256
880,1.6727640628814695,5.619274139404297
890,1.789913535118103,3.8891308307647705
900,1.8693535327911377,4.496279239654541
910,1.7255085706710815,3.926583766937256
920,1.7509385347366333,3.429598569869995
930,1.4532698392868042,3.007780075073242
940,1.367534041404724,3.227535963058472
950,1.6107807159423828,3.454813003540039
960,1.5743768215179443,4.300325870513916
970,1.5591819286346436,3.6693928241729736
980,1.6210426092147827,3.60971999168396
990,1.6658827066421509,3.8444457054138175
1000,1.7326037883758545,4.235882759094238
1010,1.6197433471679688,3.87658166885376
1020,1.3076918125152588,3.23046875
1030,1.5874617099761963,3.2833287715911865
1040,1.7070516347885132,3.426080703735352
1050,1.6171774864196775,3.23926305770874
1060,1.4318615198135376,3.0298423767089844
1070,1.6460473537445068,3.41959285736084
1080,1.5878890752792358,3.109107255935669
1090,1.3737547397613523,2.8103997707366943
1100,1.5980135202407837,3.0154855251312256
1110,1.6472535133361816,3.0029072761535645
1120,1.6311733722686768,3.0291125774383545
1130,1.5532917976379397,2.898015260696411
1140,1.7051095962524414,2.999357223510742
1150,1.5635931491851809,2.7605082988739014
1160,1.5948898792266846,2.9655418395996094
1170,1.6833045482635498,3.174787998199463
1180,1.9466221332550049,3.18685245513916
1190,1.8899140357971191,3.187034845352173
1200,2.301567792892456,3.716766357421875
1210,2.394778251647949,3.579690456390381
1220,2.0181288719177246,3.37477970123291
1230,1.5925145149230957,2.8495593070983887
1240,1.6096943616867063,2.7332582473754883
1250,1.566202163696289,2.9972293376922607
1260,1.6209745407104492,3.1462819576263428
1270,1.7412084341049194,3.098177671432495
1280,1.668614149093628,2.9132113456726074
1290,1.5332038402557373,2.7211265563964844
1300,1.6054847240447998,2.875572204589844
1310,1.60719895362854,2.728801727294922
1320,1.5240890979766846,2.530437707901001
1330,1.505776047706604,2.488570213317871
1340,1.4905543327331543,2.3527991771698
1350,1.5522571802139282,2.46509337425232
1360,1.5350759029388428,2.4083492755889893
1370,1.5986939668655396,2.447185754776001
1380,1.6911050081253052,2.584665536880493
1390,1.5544428825378418,2.415618896484375
1400,1.638851761817932,2.4042670726776123
1410,1.652008056640625,2.454863786697388
1420,1.5394108295440674,2.294706106185913
1430,1.4541748762130735,2.208700895309448
1440,1.88836133480072,2.605727434158325
1450,2.5145528316497803,3.2434446811676025
1460,3.127610445022583,3.788185119628906
1470,2.027406454086304,3.0286312103271484
1480,1.725041151046753,2.6586227416992188
1490,1.451866626739502,2.1872239112854004
1500,1.321169137954712,1.9358421564102173
1510,1.9204500913619995,2.6981818675994877
1520,2.1828155517578125,3.3200933933258057
1530,1.4746462106704712,2.267587184906006
1540,1.5684161186218262,2.330605983734131
1550,1.2917295694351196,1.95108163356781
1560,1.4822362661361694,2.616532564163208
1570,1.4421340227127075,2.3297688961029053
1580,1.6178781986236572,2.5654025077819824
1590,1.5862574577331543,2.471923828125
1600,1.545539140701294,2.4214718341827397
1610,1.5099526643753052,2.365124225616455
1620,1.565521240234375,2.331934928894043
1630,1.5790566205978394,2.405648946762085
1640,1.898659467697144,2.575421094894409
1650,1.6161588430404663,2.3210105895996094
1660,1.609320044517517,2.627473831176758
1670,1.760025978088379,2.686917304992676
1680,1.5950920581817627,2.317686080932617
1690,1.5919171571731567,2.421644926071167
1700,1.570650339126587,2.300335168838501
1710,1.5414365530014038,2.303285598754883
1720,1.529554843902588,2.2068064212799072
1730,1.604703426361084,2.26100492477417
1740,1.599327564239502,2.162893772125244
1750,1.6391810178756714,2.244671583175659
1760,1.6108455657958984,2.196884870529175
1770,1.893594741821289,2.772578001022339
1780,1.516623854637146,2.151519298553467
1790,1.4462357759475708,1.992221474647522
1800,1.589154839515686,2.1352968215942383
1810,1.5389482975006104,2.2156522274017334
1820,1.5373997688293457,2.235466957092285
1830,1.4429205656051636,1.9814918041229248
1840,1.5608413219451904,2.136796474456787
1850,1.5554485321044922,2.159209966659546
1860,1.5500991344451904,2.108774423599243
1870,1.5436290502548218,2.092296600341797
1880,1.4937106370925903,1.9935239553451536
1890,1.5310648679733276,2.026533365249634
1900,1.5242230892181396,1.9818148612976076
1910,1.3210501670837402,1.7499009370803833
1920,1.4944660663604736,1.941055178642273
1930,1.614479899406433,2.135231733322144
1940,1.5381062030792236,2.108572483062744
1950,1.6495647430419922,2.224534034729004
1960,1.4899767637252808,2.022847890853882
1970,1.903901219367981,2.456188917160034
1980,2.0942842960357666,2.5620625019073486
1990,1.565707445144653,2.122096538543701
2000,1.6874232292175293,2.2987771034240723
2010,1.3506596088409424,1.831768274307251
2020,1.602028727531433,2.2074408531188965
2030,1.3401880264282229,1.8569722175598145
2040,1.4792451858520508,2.122566938400269
2050,2.065463066101074,2.5553460121154785
2060,1.6806113719940186,2.1130685806274414
2070,1.5902087688446045,2.1144256591796875
2080,1.579258918762207,2.0914247035980225
2090,1.5219823122024536,2.039687395095825
2100,1.3204996585845947,1.7489137649536133
2110,1.2769896984100342,1.72359299659729
2120,1.1828124523162842,1.7217278480529783
2130,1.192155361175537,1.6592848300933838
2140,1.5167995691299438,2.1576120853424072
2150,1.4780468940734863,1.901595115661621
2160,1.6189727783203125,2.0881052017211914
2170,1.5197023153305054,2.0463192462921143
2180,1.6254538297653198,2.239182949066162
2190,1.4867373704910278,2.0364861488342285
2200,1.5602425336837769,1.998141050338745
2210,1.5989458560943604,2.07281231880188
2220,1.5047850608825684,2.010742425918579
2230,1.5554797649383545,1.9900599718093872
2240,1.5531085729599,2.167389154434204
2250,1.578266978263855,2.282313108444214
2260,1.599110126495361,2.169614791870117
2270,1.55320143699646,2.053416967391968
2280,1.606639742851257,2.181702852249145
2290,1.549614667892456,2.04742169380188
2300,1.6588218212127686,2.071812391281128
2310,1.4998255968093872,1.9091830253601076
2320,1.4262278079986572,1.8279622793197632
2330,1.6080039739608765,2.010416984558105
2340,1.4938631057739258,1.8714157342910769
2350,1.6729695796966553,2.075525283813477
2360,1.6172561645507812,2.0052504539489746
2370,1.5569851398468018,1.9492363929748533
2380,1.428395390510559,1.808615565299988
2390,1.6330066919326782,1.984039068222046
2400,1.4539247751235962,1.8317276239395144
2410,1.5672595500946045,2.1104776859283447
2420,1.549009084701538,2.163236141204834
2430,1.4459717273712158,2.083630084991455
2440,1.5733448266983032,2.073444366455078
2450,1.5820196866989136,2.0307517051696777
2460,1.5961850881576538,1.979198217391968
2470,2.343374729156494,2.694962739944458
2480,1.5500566959381104,2.01576566696167
2490,1.5556529760360718,1.966207504272461
2500,1.4584726095199585,1.8281114101409912
2510,1.5210715532302856,1.875307559967041
2520,1.573845624923706,1.9556554555892944
2530,1.4315800666809082,1.788113355636597
2540,1.5824501514434814,1.955806016921997
2550,1.8098201751708984,2.2879700660705566
2560,1.6217721700668335,2.008392095565796
2570,1.5346252918243408,1.9560080766677856
2580,1.566165804862976,1.9294803142547607
2590,1.5575594902038574,1.9452749490737915
2600,1.6433115005493164,2.0198352336883545
2610,1.6701319217681885,2.021862268447876
2620,1.6490339040756226,2.0089375972747803
2630,1.5933737754821775,1.9924808740615845
2640,1.5579979419708252,1.8979202508926392
2650,1.5033481121063232,1.8925279378890991
2660,1.393920660018921,1.8002920150756836
2670,1.495252251625061,1.893031358718872
2680,1.5234349966049194,1.8928580284118648
2690,1.5274125337600708,1.8846741914749143
2700,1.578136920928955,1.9107012748718264
2710,1.5489948987960815,1.9858237504959104
2720,1.4939295053482056,1.9348578453063965
2730,1.454905986785889,1.8295665979385376
2740,1.5137121677398682,1.8611297607421875
2750,1.7419302463531494,2.0721566677093506
2760,1.6622309684753418,2.065411329269409
2770,1.2885748147964478,1.6154550313949585
2780,1.6511825323104858,2.027158260345459
2790,1.578874111175537,1.8958899974823
2800,1.3681049346923828,1.6228981018066406
2810,1.4630343914031982,1.802098512649536
2820,1.5610486268997192,1.8903205394744875
2830,1.3627139329910278,1.626906156539917
2840,1.4800517559051514,1.7330797910690308
2850,1.4018481969833374,1.6711183786392212
2860,1.5727133750915527,1.8409647941589355
2870,1.6018311977386477,1.8655167818069456
2880,1.5579068660736084,1.8684630393981931
2890,1.3402241468429563,1.6993439197540283
2900,1.573467493057251,1.8919250965118408
2910,1.5939157009124756,1.9215067625045776
2920,1.4908052682876587,1.876195192337036
2930,1.596928358078003,1.957289457321167
2940,1.534632921218872,1.8319826126098635
2950,1.653420329093933,1.986281991004944
2960,1.5199387073516846,1.7962967157363892
2970,1.4518333673477173,1.775514006614685
2980,1.5177589654922483,1.837183117866516
2990,1.5492991209030151,1.835669040679932
3000,1.835611343383789,2.2218217849731445
3010,1.6085619926452637,2.080153226852417
3020,1.5051262378692627,1.849356174468994
3030,1.535784363746643,1.8731918334960935
3040,1.522449612617493,1.7965971231460571
3050,1.4287238121032717,1.770724892616272
3060,1.392176389694214,1.6749730110168457
3070,1.5664069652557373,1.8297737836837769
3080,1.4194247722625732,1.6956056356430054
3090,1.406050205230713,1.688040256500244
3100,1.478968858718872,1.815345287322998
3110,1.7005422115325928,1.9941025972366333
3120,1.6121606826782229,1.964278221130371
3130,1.5262943506240845,1.8467605113983157
3140,1.5573174953460691,1.897388696670532
3150,1.410146713256836,1.6911070346832275
3160,1.4878253936767578,1.782805562019348
3170,1.5618865489959717,1.8787490129470823
3180,1.5937902927398682,1.9110169410705569
3190,1.5239825248718262,1.8164353370666504
3200,1.4751263856887815,1.7587544918060305
3210,1.5454416275024414,1.795668363571167
3220,1.3887194395065308,1.6794493198394775
3230,1.719599723815918,2.0712547302246094
3240,1.6041359901428225,1.943691372871399
3250,1.5223665237426758,1.884859800338745
3260,1.478956937789917,1.8282228708267207
3270,1.4595576524734497,1.7633936405181885
3280,1.4298830032348633,1.6470755338668823
3290,1.350006103515625,1.5793832540512085
3300,1.3388649225234983,1.550235629081726
3310,1.4242653846740725,1.661815166473389
3320,1.5645716190338137,1.850471258163452
3330,1.5218548774719238,1.8116989135742188
3340,1.47065532207489,1.7509067058563232
3350,1.4026085138320925,1.69163715839386
3360,1.6972180604934692,2.0522265434265137
3370,1.5538051128387451,1.8458410501480105
3380,1.517728567123413,1.81483006477356
3390,1.4261529445648191,1.7126107215881348
3400,1.702606439590454,1.97957706451416
3410,1.385735034942627,1.5928137302398682
3420,1.440672755241394,1.663495659828186
3430,1.5342111587524414,1.764998197555542
3440,1.522517442703247,1.7881150245666504
3450,1.563870906829834,1.9031763076782229
3460,1.5594838857650757,1.830069899559021
3470,1.5695416927337646,1.8235058784484863
3480,1.6148080825805664,1.881671667098999
3490,1.7099190950393677,2.0723702907562256
3500,1.5529580116271973,1.820665955543518
3510,1.5008349418640137,1.7506325244903564
3520,1.3668938875198364,1.590716004371643
3530,1.4154086112976074,1.7665132284164429
3540,1.5862199068069458,1.8798065185546875
3550,1.3649706840515137,1.613337516784668
3560,1.571205496788025,1.849881887435913
3570,1.4702346324920654,1.73792827129364
3580,1.7781128883361816,2.024839401245117
3590,1.635353922843933,1.9009392261505127
3600,2.041035413742065,2.3893630504608154
3610,1.869257569313049,2.370023250579834
3620,2.043029308319092,2.4255237579345703
3630,1.976989984512329,2.2897520065307617
3640,1.7719275951385498,2.101746082305908
3650,1.5236527919769287,1.779942274093628
3660,1.490027904510498,1.7338827848434448
3670,1.5299675464630127,1.7624043226242063
3680,1.5637706518173218,1.7762103080749512
3690,1.483707308769226,1.6987046003341677
3700,1.845381617546081,2.1065878868103027
3710,2.002554655075073,2.3347558975219727
3720,1.6228042840957642,1.926097393035889
3730,1.5064948797225952,1.768092155456543
3740,1.5165544748306274,1.912872314453125
3750,1.4033913612365725,1.6717671155929563
3760,1.5135266780853271,1.7417372465133667
3770,1.5279645919799805,1.826896071434021
3780,1.4404829740524292,1.72745943069458
3790,1.449469804763794,1.6847920417785645
3800,1.5610731840133667,1.773219108581543
3810,1.7337965965270996,1.9693573713302608
3820,1.664675235748291,1.93721866607666
3830,1.6749436855316162,1.936992645263672
3840,1.7591664791107178,1.9999258518218996
3850,1.6401071548461914,1.9475276470184328
3860,2.2010064125061035,2.4455983638763428
3870,2.4381604194641118,2.682637929916382
3880,1.8875532150268557,2.1617465019226074
3890,1.5332729816436768,1.7631547451019287
3900,1.5377397537231443,1.7987298965454102
3910,1.412812352180481,1.6714884042739868
3920,1.5398818254470823,1.8076412677764893
3930,1.4964724779129028,1.74709153175354
3940,1.50621235370636,1.7622135877609253
3950,1.50657856464386,1.7433602809906006
3960,1.577113151550293,1.8270230293273928
3970,1.4615706205368042,1.708601474761963
3980,1.3042969703674316,1.5218734741210938
3990,1.284952163696289,1.4822566509246826
4000,1.306633472442627,1.5257822275161743
4010,1.4268405437469482,1.6445575952529907
4020,1.581149935722351,1.8060979843139648
4030,1.481293797492981,1.6954998970031738
4040,1.4480817317962646,1.6442492008209229
4050,1.7377078533172607,1.958588719367981
4060,1.429556131362915,1.6531074047088623
4070,1.508659601211548,1.7437077760696411
4080,1.4237385988235474,1.627943992614746
4090,1.5593023300170898,1.8137118816375728
4100,1.522982120513916,1.7399967908859253
4110,1.471670389175415,1.6846036911010742
4120,1.4878944158554075,1.6892821788787842
4130,1.4734442234039309,1.669506549835205
4140,1.192451238632202,1.3626842498779297
4150,1.4096271991729736,1.590898036956787
4160,1.5813117027282717,1.8093680143356323
4170,1.5352303981781006,1.7802399396896362
4180,1.5020599365234375,1.704477310180664
4190,1.3730483055114746,1.560099482536316
4200,1.4547622203826904,1.6378036737442017
4210,1.4689476490020752,1.6854795217514038
4220,1.534698486328125,1.7878435850143433
4230,1.274038314819336,1.4899147748947144
4240,1.509641170501709,1.7403199672698977
4250,1.4454960823059082,1.6638362407684326
4260,1.4553927183151243,1.674156665802002
4270,1.4744977951049805,1.6935287714004517
4280,1.4168721437454224,1.6358258724212646
4290,1.5331223011016846,1.7462462186813354
4300,1.6134252548217771,1.8062007427215576
4310,1.5144822597503662,1.706681251525879
4320,1.5985190868377686,1.807359218597412
4330,1.4790990352630615,1.6963943243026731
4340,1.6014152765274048,1.8448891639709477
4350,1.577927827835083,1.7751120328903198
4360,1.6927481889724731,1.9374444484710691
4370,1.475047588348389,1.68963885307312
4380,1.5537128448486328,1.7298612594604492
4390,1.5112946033477783,1.718079686164856
4400,1.3939019441604614,1.6006503105163574
4410,1.4718174934387207,1.6692731380462646
4420,1.3103793859481812,1.4708895683288574
4430,1.4597771167755127,1.6476019620895386
4440,1.3805080652236938,1.587506651878357
4450,1.437408447265625,1.6158599853515625
4460,1.4409584999084473,1.6390451192855835
4470,1.5338585376739502,1.744853377342224
4480,1.5439707040786743,1.738572597503662
4490,1.5317517518997192,1.710249662399292
4500,1.5104063749313354,1.7161478996276855
4510,1.6577973365783691,1.861670970916748
4520,1.5093477964401243,1.7094625234603882
4530,1.5167102813720703,1.699243664741516
4540,1.4961130619049072,1.6935527324676514
4550,1.4369475841522217,1.6157796382904053
4560,1.5402228832244873,1.7268898487091064
4570,1.3639429807662964,1.609104871749878
4580,1.30652916431427,1.4928081035614014
4590,1.37087082862854,1.5508137941360474
4600,1.4966199398040771,1.6976851224899292
4610,1.502881646156311,1.7221546173095703
4620,1.4925144910812378,1.7126753330230713
4630,1.5376152992248535,1.7486357688903809
4640,1.456134796142578,1.6462130546569824
4650,1.5133947134017944,1.7025384902954102
4660,1.479109287261963,1.6617183685302734
4670,1.3174104690551758,1.4696812629699707
4680,1.248244285583496,1.4510846138000488
4690,1.184814691543579,1.3682156801223757
4700,1.359235167503357,1.6060584783554075
4710,1.4176688194274902,1.5913633108139038
4720,1.5103360414505005,1.6813769340515137
4730,1.5139000415802002,1.6761420965194702
4740,1.4164655208587646,1.5903923511505127
4750,1.4884825944900513,1.6845945119857788
4760,1.502843141555786,1.7156590223312378
4770,1.4575241804122925,1.637484788894653
4780,1.5593030452728271,1.7179789543151855
4790,1.6784307956695557,1.8827707767486568
4800,1.5851486921310425,1.830005764961243
4810,1.472020387649536,1.7005714178085327
4820,1.4278327226638794,1.6052961349487305
4830,1.422354221343994,1.5984373092651367
4840,1.5509971380233765,1.7160210609436035
4850,1.5439860820770264,1.709075689315796
4860,1.816330909729004,2.029245138168335
4870,1.7872403860092163,2.045329093933105
4880,1.9854686260223389,2.1983842849731445
4890,1.633945107460022,1.829841375350952
4900,1.6389358043670654,1.8169183731079104
4910,1.4304335117340088,1.5915571451187134
4920,1.5107697248458862,1.6773409843444824
4930,1.447134017944336,1.6210880279541016
4940,1.5064079761505127,1.7555761337280271
4950,1.5321117639541626,1.719719409942627
4960,1.497110366821289,1.673063039779663
4970,1.5271692276000977,1.714078664779663
4980,1.5647976398468018,1.7408244609832764
4990,1.6114771366119385,1.771254539489746
5000,1.506661295890808,1.6903778314590454
5010,1.5598064661026,1.72790789604187
5020,1.3727624416351318,1.5245810747146606
5030,1.438221096992493,1.576885461807251
5040,1.4037280082702637,1.5319428443908691
5050,1.3204361200332642,1.4675195217132568
5060,1.4520386457443235,1.6032814979553225
5070,1.479279398918152,1.6334125995635986
5080,1.344373345375061,1.509751558303833
5090,1.370098352432251,1.5238593816757202
5100,1.5121990442276,1.6658004522323608
5110,1.5397253036499023,1.7104132175445557
5120,1.5489647388458252,1.7158637046813965
5130,1.7596118450164795,1.9243197441101076
5140,1.5577738285064695,1.7355070114135742
5150,1.3131859302520752,1.4758081436157229
5160,1.4497919082641602,1.6149673461914062
5170,1.54236102104187,1.7087483406066897
5180,1.4974679946899414,1.6566994190216064
5190,1.6028153896331787,1.807777047157288
5200,1.4897984266281128,1.6979022026062012
5210,1.4498790502548218,1.615044116973877
5220,1.4693613052368164,1.6154327392578125
5230,1.505579710006714,1.686547040939331
5240,1.3888343572616575,1.551579475402832
5250,1.4634045362472534,1.6219581365585327
5260,1.4104535579681396,1.5601661205291748
5270,1.4886102676391602,1.6391998529434204
5280,1.4548707008361816,1.6054174900054932
5290,1.3951678276062012,1.5550217628479004
5300,1.449098825454712,1.6020680665969849
5310,1.575493097305298,1.7307982444763184
5320,1.5299142599105835,1.6831177473068235
5330,1.6163556575775146,1.7777518033981323
5340,1.296546459197998,1.4553415775299072
5350,1.4004687070846558,1.5860702991485596
5360,1.4250911474227903,1.587107539176941
5370,1.4073176383972168,1.5651991367340088
5380,1.4133613109588623,1.5596166849136353
5390,1.4252362251281738,1.5661380290985107
5400,1.3851642608642578,1.5194106101989746
5410,1.4304940700531006,1.5982141494750977
5420,1.5127047300338743,1.6815319061279297
5430,1.5076889991760254,1.658031940460205
5440,1.4965476989746094,1.640406847000122
5450,1.467705011367798,1.6235568523406982
5460,1.4387770891189575,1.593468427658081
5470,1.6491715908050537,1.8032667636871336
5480,1.2877659797668457,1.4175232648849487
5490,1.4419225454330444,1.5835320949554443
5500,1.486988544464111,1.6253888607025146
5510,1.4759819507598877,1.60905659198761
5520,1.3865338563919067,1.518593192100525
5530,1.5020312070846558,1.6899079084396362
5540,1.6878776550292969,1.8312656879425049
5550,1.2845176458358765,1.4027760028839111
5560,1.1327881813049316,1.2614493370056152
5570,1.0953214168548584,1.185118556022644
5580,1.882802367210388,2.045647382736206
5590,1.5436949729919434,1.712920308113098
5600,1.374333739280701,1.502476453781128
5610,1.4890670776367188,1.6300715208053589
5620,1.50217604637146,1.6519142389297483
5630,1.7527529001235962,1.8890130519866943
5640,1.5126522779464722,1.6647030115127563
5650,1.494437575340271,1.6551647186279297
5660,1.4735219478607178,1.6148573160171509
5670,1.5675959587097168,1.7100002765655518
5680,1.4630038738250732,1.5983052253723145
5690,1.3863439559936523,1.5454630851745603
5700,1.7853021621704102,1.946629285812378
5710,1.5222997665405271,1.6801490783691406
5720,1.319050908088684,1.4534907341003418
5730,1.5488101243972778,1.691679835319519
5740,1.6944509744644165,1.8389208316802976
5750,1.563101291656494,1.7006936073303225
5760,1.4176421165466309,1.5515484809875488
5770,1.4048641920089722,1.5259510278701782
5780,1.129982352256775,1.2240349054336548
5790,1.4437127113342283,1.5718326568603516
5800,1.4425041675567627,1.573880910873413
5810,1.4714858531951904,1.6001133918762207
5820,1.5936561822891235,1.732191562652588
5830,1.6263635158538818,1.772301197052002
5840,1.4698296785354614,1.604381084442139
5850,1.404999852180481,1.550099492073059
5860,1.435019850730896,1.5698165893554688
5870,1.2894864082336426,1.4216876029968262
5880,1.4557106494903564,1.5824110507965088
5890,1.483284592628479,1.6154271364212036
5900,1.4472264051437378,1.5782827138900757
5910,1.502238631248474,1.6329922676086426
5920,1.5582884550094604,1.685595989227295
5930,1.5297874212265017,1.6574828624725342
5940,1.3681440353393557,1.4850022792816162
5950,1.434558629989624,1.5636507272720337
5960,1.4195494651794434,1.5427688360214231
5970,1.4760559797286987,1.6110000610351562
5980,1.4507992267608645,1.5728671550750732
5990,1.2251865863800049,1.3298505544662476
6000,1.3716002702713013,1.493573546409607
6010,1.3428679704666138,1.4554343223571775
6020,1.2761318683624268,1.3901456594467163
6030,1.4542841911315918,1.576652765274048
6040,1.417641043663025,1.5447628498077393
6050,1.5671136379241943,1.6954352855682373
6060,1.6123971939086914,1.7480350732803345
6070,1.4911342859268188,1.6225979328155518
6080,1.475986361503601,1.6011635065078735
6090,1.616241455078125,1.7536475658416748
6100,1.550239086151123,1.6882123947143557
6110,1.6302961111068726,1.7545254230499268
6120,1.436983346939087,1.5511436462402344
6130,1.277198076248169,1.397327899932861
6140,1.4746043682098389,1.5978814363479614
6150,1.493180751800537,1.6102958917617798
6160,1.4759464263916016,1.5958333015441897
6170,1.3697391748428345,1.4874106645584106
6180,1.3351601362228394,1.448633313179016
6190,1.2738381624221802,1.3930236101150513
6200,1.2906725406646729,1.418045997619629
6210,1.4172013998031616,1.5398164987564087
6220,1.5832188129425049,1.708755612373352
6230,1.556485652923584,1.6837055683135986
6240,1.5305235385894775,1.6659440994262695
6250,1.4224727153778076,1.549039602279663
6260,1.5458707809448242,1.6885790824890137
6270,1.369217872619629,1.4868918657302856
6280,1.523349046707153,1.6429166793823242
6290,1.4000416994094849,1.5232770442962646
6300,1.358666181564331,1.47785747051239
6310,1.4718918800354004,1.5906428098678589
6320,1.47571063041687,1.5903897285461426
6330,1.4161969423294067,1.5292932987213137
6340,1.8950622081756592,2.007401943206787
6350,1.3907766342163086,1.5015535354614258
6360,1.4279905557632446,1.5407283306121826
6370,1.4545505046844482,1.5746761560440063
6380,1.470116138458252,1.5871706008911133
6390,1.3726205825805664,1.4806876182556152
6400,1.4648338556289673,1.5829662084579468
6410,1.3556935787200928,1.4742074012756348
6420,1.4825834035873413,1.6015557050704956
6430,1.392167091369629,1.5092188119888306
6440,1.56827974319458,1.7209135293960571
6450,1.91939389705658,2.0383260250091557
6460,1.483187556266785,1.5950345993041992
6470,1.4077377319335938,1.5276886224746704
6480,1.4665251970291138,1.5910652875900269
6490,1.5054856538772583,1.623233675956726
6500,1.3577543497085571,1.4711942672729492
6510,1.737889528274536,1.9014177322387693
6520,2.1092004776000977,2.345131158828736
6530,3.033140182495117,3.206286668777466
6540,2.088031768798828,2.231766700744629
6550,1.5547819137573242,1.6630046367645264
6560,1.514335870742798,1.62837553024292
6570,1.490537405014038,1.6014554500579834
6580,1.4574873447418213,1.565746784210205
6590,1.2220759391784668,1.3328332901000977
6600,1.3681309223175049,1.479480504989624
6610,1.438606858253479,1.562143325805664
6620,1.369064211845398,1.4830020666122437
6630,1.5209448337554932,1.6337103843688965
6640,1.4585825204849243,1.5693440437316897
6650,1.3490782976150513,1.4571573734283447
6660,1.5320409536361694,1.643047332763672
6670,1.4150898456573486,1.5193921327590942
6680,1.474933385848999,1.582108974456787
6690,1.317643165588379,1.4252592325210571
6700,1.4669910669326782,1.575533390045166
6710,1.5153127908706665,1.616596221923828
6720,1.597330093383789,1.7181841135025024
6730,1.4759629964828491,1.59502112865448
6740,1.4103022813796997,1.5315630435943604
6750,1.4667515754699707,1.573049545288086
6760,1.3731671571731567,1.486175775527954
6770,1.3568410873413086,1.4602282047271729
6780,1.5537580251693726,1.6648318767547607
6790,1.4762418270111084,1.5838983058929443
6800,1.4183597564697266,1.5251233577728271
6810,1.5174200534820557,1.6320831775665283
6820,1.491994857788086,1.6159119606018066
6830,1.906379222869873,2.00753116607666
6840,2.3528261184692383,2.4444384574890137
6850,2.312416076660156,2.3989837169647217
6860,2.620149612426758,2.688771963119507
6870,2.8802318572998047,2.939596176147461
6880,2.392019033432007,2.4691641330718994
6890,1.4963088035583496,1.599911332130432
6900,1.6674785614013672,1.7712945938110352
6910,1.3814516067504885,1.4846956729888916
6920,1.3770527839660645,1.478056788444519
6930,1.2214001417160034,1.3121882677078247
6940,1.4747364521026611,1.5778868198394775
6950,1.4554699659347534,1.5571763515472412
6960,1.4646607637405396,1.577239990234375
6970,1.5927568674087524,1.7388436794281006
6980,1.368148684501648,1.4799762964248655
6990,1.4563521146774292,1.5602049827575684
7000,1.4227505922317505,1.529778242111206
7010,1.3152165412902832,1.4149017333984375
7020,1.475623369216919,1.6003696918487549
7030,1.4794634580612185,1.5907580852508545
7040,1.533508539199829,1.6369872093200684
7050,1.5218195915222168,1.6234487295150757
7060,1.425336837768555,1.5301756858825684
7070,1.4063169956207275,1.5042943954467771
7080,1.4576847553253174,1.5691200494766235
7090,1.4972280263900757,1.594954490661621
7100,1.7670505046844482,1.8625328540802
7110,1.728996515274048,1.8212952613830569
7120,1.3923470973968506,1.4896645545959473
7130,1.4634084701538086,1.5724408626556396
7140,1.5049768686294556,1.6086395978927612
7150,1.5084198713302612,1.6132243871688845
7160,1.456466555595398,1.5506638288497925
7170,2.208970785140991,2.288888454437256
7180,1.4809119701385498,1.5771294832229614
7190,1.3737754821777344,1.4709999561309814
7200,1.4844359159469604,1.587513446807861
7210,1.5432816743850708,1.6496630907058716
7220,1.5691733360290527,1.6740801334381104
7230,1.5068492889404297,1.6096980571746826
7240,1.4900308847427368,1.5992881059646606
7250,1.511059045791626,1.6142973899841309
7260,1.5747840404510498,1.6810338497161863
7270,1.6701476573944092,1.776155710220337
7280,1.684764742851257,1.796323299407959
7290,1.490103006362915,1.604543924331665
7300,2.1353585720062256,2.276960849761963
7310,1.4747872352600098,1.5848767757415771
7320,1.5127569437026978,1.6143319606781006
7330,1.53379225730896,1.6431777477264404
7340,1.5994951725006104,1.7004549503326416
7350,1.3402788639068604,1.440923094749451
7360,1.4078316688537598,1.5207295417785645
7370,1.505922794342041,1.6233525276184082
7380,1.808796048164368,1.903414249420166
7390,1.4478155374526978,1.5502015352249146
7400,1.4913803339004517,1.5939007997512815
7410,1.428560495376587,1.528962016105652
7420,1.4497942924499512,1.5496405363082886
7430,1.4135438203811646,1.5134873390197754
7440,1.397047758102417,1.4950765371322632
7450,1.4686195850372314,1.5731958150863647
7460,1.5532128810882568,1.6558316946029663
7470,1.541810393333435,1.640685796737671
7480,1.4498149156570437,1.5550321340560913
7490,1.239819049835205,1.3382102251052856
7500,1.3972229957580566,1.4974583387374878
7510,1.5691583156585691,1.6690521240234375
7520,1.5152568817138672,1.6132793426513672
7530,1.369564175605774,1.469950795173645
7540,1.4771062135696411,1.5868942737579346
7550,1.4530339241027832,1.559145212173462
7560,1.4184587001800537,1.5185277462005615
7570,1.4909851551055908,1.587110996246338
7580,1.6521592140197754,1.7426952123641968
7590,2.223905086517334,2.305589437484741
7600,2.079430103302002,2.1700212955474854
7610,1.5637240409851074,1.6791887283325195
7620,1.567038893699646,1.6742058992385864
7630,1.6538753509521484,1.7634618282318115
7640,1.5436750650405884,1.648435354232788
7650,1.5247573852539062,1.6201074123382568
7660,1.5320069789886477,1.635157585144043
7670,1.4804341793060305,1.5659849643707275
7680,2.3431272506713867,2.4200329780578613
7690,2.375107288360596,2.4557461738586426
7700,2.3824753761291504,2.46118688583374
7710,1.996579885482788,2.0854034423828125
7720,1.5352404117584229,1.6398675441741943
7730,1.4501903057098389,1.5517756938934326
7740,1.4989405870437622,1.5970662832260132
7750,1.5027000904083252,1.5985891819000244
7760,1.4236963987350464,1.526719331741333
7770,1.4688458442687988,1.5801125764846802
7780,1.6288251876831057,1.726629376411438
7790,1.4444135427474976,1.538074612617493
7800,1.543304681777954,1.6407352685928345
7810,1.4106364250183103,1.507368087768555
7820,1.55319082736969,1.6481785774230957
7830,1.3988299369812012,1.4925347566604614
7840,1.3595809936523438,1.4568231105804443
7850,1.576270341873169,1.677433729171753
7860,1.4843195676803589,1.5808560848236084
7870,1.3325486183166504,1.428747534751892
7880,1.44160258769989,1.5391303300857544
7890,1.3603694438934326,1.452366590499878
7900,1.5199156999588013,1.6130539178848269
7910,1.438366174697876,1.5393167734146118
7920,1.304190993309021,1.3966104984283447
7930,1.4832754135131836,1.5849756002426147
7940,1.4359276294708252,1.5346920490264893
7950,1.5493972301483154,1.648400068283081
7960,1.4916431903839111,1.5888887643814087
7970,1.378537654876709,1.4761731624603271
7980,1.408430099487305,1.5031120777130127
7990,1.3228421211242676,1.4203388690948486
8000,1.4340627193450928,1.531458854675293
